code,primary_action,logic_flows,spiritual_intent,next_suggestions
BEGIN CREATION
DECLARE soul AS contract("redemption")
BREATHE life INTO soul
ASCEND
END CREATION,Deploy smart contract,contract deployment | symbolic syntax,Manifest a redemptive contract,REFLECT on contract values
BEGIN CREATION
PROPHESY outcome OF mission IN 3 cycles
REVEAL("result")
ASCEND
END CREATION,Forecast future outcome,predictive logic | prophecy-based evaluation,Foresee the success or delay of a divine mission,Log prophecy and evaluate
BEGIN CREATION
IF seeker IS worthy THEN
REVEAL(truth)
ENDIF
ASCEND
END CREATION,Controlled data access,conditional logic | spiritual worthiness,Reveal hidden truth to worthy seekers,Reflect on seeker metrics
